Pod,Initialized,Ready
raycluster-autoscaler-worker-small-group-44kxk,2024-05-25T09:18:15Z,2024-05-25T09:18:45Z
raycluster-autoscaler-worker-small-group-7mdgs,2024-05-25T09:18:15Z,2024-05-25T09:18:50Z
raycluster-autoscaler-worker-small-group-f2rg2,2024-05-25T09:18:15Z,2024-05-25T09:18:50Z
raycluster-autoscaler-worker-small-group-kxqrz,2024-05-25T09:18:15Z,2024-05-25T09:19:01Z
raycluster-autoscaler-worker-small-group-l7qf5,2024-05-25T09:18:15Z,2024-05-25T09:18:50Z
raycluster-autoscaler-worker-small-group-nltsn,2024-05-25T09:18:15Z,2024-05-25T09:18:50Z
raycluster-autoscaler-worker-small-group-rtdlt,2024-05-25T09:18:15Z,2024-05-25T09:18:50Z
raycluster-autoscaler-worker-small-group-sc8hd,2024-05-25T09:18:15Z,2024-05-25T09:18:45Z
raycluster-autoscaler-worker-small-group-vjbbm,2024-05-25T09:18:15Z,2024-05-25T09:19:01Z
